Type,Pages,ParseTime,MemoryCurrent_MB,MemoryPeak_MB
PDF,10,0.08530910000263248,0.43769,0.466389
PDF,50,0.3920650999934878,2.013299,2.077286
PDF,100,0.6366102000029059,4.189205,4.227667
DOCX,10,0.03007519998936914,0.52872,2.331639
DOCX,50,0.022666999997454695,0.483102,2.285557
DOCX,100,0.021344299995689653,0.482646,2.284277
PPTX,10,0.06139580000308342,0.210628,0.239925
PPTX,50,0.18987590000324417,0.195345,0.367173
PPTX,100,0.41984230000525713,0.321732,0.563478
